bin,read.number,time
150kD,56,4.661487236404
10kD,165,13.7347391786903
4kD,251,20.8934517203108
Gal,391,32.5471698113208
FLA,486,40.4550499445061
