bin,read.number,time
150kD,62,5.16093229744728
10kD,165,13.7347391786903
4kD,272,22.6415094339623
Gal,409,34.0455049944506
FLA,523,43.534961154273
