bin,read.number,time
150kD,55,4.57824639289678
10kD,154,12.819089900111
4kD,257,21.3928967813541
Gal,385,32.0477247502775
FLA,478,39.7891231964484
