bin,read.number,time
150kD,76,6.32630410654828
10kD,177,14.7336293007769
4kD,281,23.3906770255272
Gal,407,33.8790233074362
FLA,511,42.5360710321865
