bin,read.number,time
150kD,77,5.13333333333333
10kD,212,14.1333333333333
4kD,337,22.4666666666667
Gal,498,33.2
FLA,617,41.1333333333333
