bin,read.number,time
150kD,72,5.99334073251942
10kD,180,14.9833518312986
4kD,299,24.889012208657
Gal,409,34.0455049944506
FLA,514,42.7857935627081
