bin,read.number,time
150kD,94,6.26666666666667
10kD,226,15.0666666666667
4kD,362,24.1333333333333
Gal,524,34.9333333333333
FLA,656,43.7333333333333
