bin,read.number,time
150kD,48,3.99556048834628
10kD,151,12.5693673695893
4kD,267,22.2253052164262
Gal,379,31.5482796892342
FLA,486,40.4550499445061
