bin,read.number,time
150kD,1953,6.50971067952535
10kD,4316,14.3860272876761
4kD,6503,21.6757033020755
Gal,9728,32.4252255455313
FLA,11989,39.9615572641216
