bin,read.number,time
150kD,86,7.15871254162042
10kD,184,15.3163152053274
4kD,282,23.4739178690344
Gal,407,33.8790233074362
FLA,503,41.8701442841287
