bin,read.number,time
150kD,115,7.66666666666667
10kD,239,15.9333333333333
4kD,362,24.1333333333333
Gal,515,34.3333333333333
FLA,651,43.4
