bin,read.number,time
150kD,54,4.49500554938957
10kD,164,13.6514983351831
4kD,282,23.4739178690344
Gal,400,33.2963374028857
FLA,503,41.8701442841287
