bin,read.number,time
150kD,57,4.66645926847696
10kD,163,13.4994000266655
4kD,255,21.1657259677348
Gal,372,30.9152926536598
FLA,471,39.1649260032887
