bin,read.number,time
150kD,81,5.4
10kD,225,15
4kD,340,22.6666666666667
Gal,495,33
FLA,616,41.0666666666667
