bin,read.number,time
150kD,97,6.46666666666667
10kD,227,15.1333333333333
4kD,353,23.5333333333333
Gal,508,33.8666666666667
FLA,620,41.3333333333333
