bin,read.number,time
150kD,53,4.41176470588235
10kD,166,13.8179800221976
4kD,269,22.3917869034406
Gal,386,32.1309655937847
FLA,490,40.788013318535
